"time","timeup","module","arrayAnswers","0","1","2","3","4","5","6","7","8","9","done","player","stage","stage","step","round","timestamp","session"
74834,"false","Module4","B\,A\,B\,A\,A\,A\,A\,A\,A\,B","NA","NA","NA","NA","NA","NA","NA","NA","NA","NA","true","AU2X1ESN4IQ6HDZ3BL90","[object Object]","[object Object]","NA","NA",1514998493678,"lgc0"
95431,"false","Module4","A\,A\,A\,A\,A\,A\,B\,B\,B\,B","NA","NA","NA","NA","NA","NA","NA","NA","NA","NA","true","AU2A683XSLDUWFPYZTBN","[object Object]","[object Object]","NA","NA",1514998514156,"lgc0"
98207,"false","Module4","A\,A\,A\,A\,A\,A\,B\,B\,B\,B","NA","NA","NA","NA","NA","NA","NA","NA","NA","NA","true","AU2KA38WNS1XIUTL4PZY","[object Object]","[object Object]","NA","NA",1514998516822,"lgc0"
123644,"false","Module4","A\,A\,A\,A\,A\,A\,B\,B\,B\,B","NA","NA","NA","NA","NA","NA","NA","NA","NA","NA","true","AU1I24FYT6VKMGOUD0JR","[object Object]","[object Object]","NA","NA",1514998542453,"lgc0"
